AdminID,UserID,AdminName
95001,4001,Sean_Mcintosh
95002,4002,Rebecca_Carter
95003,4003,Scott_Huffman
95004,4004,Christina_Francis
95005,4005,Jennifer_Chavez
95006,4006,Hector_Miller
95007,4007,Rachel_Long
95008,4008,Michael_Thornton
95009,4009,Dustin_Wilson
95010,4010,Jessica_Khan
95011,4011,Kyle_Ibarra
95012,4012,Michael_Bishop
95013,4013,Haley_Ross
95014,4014,Jordan_Hensley
95015,4015,Stacy_Bishop
95016,4016,Kelly_Hicks
95017,4017,John_Clayton
95018,4018,Anne_Wright
95019,4019,Rebecca_Nicholson
95020,4020,Meghan_Cooper
95021,4021,Susan_Oconnor
95022,4022,Erin_Boone
95023,4023,Amanda_Davis
95024,4024,Stanley_Alexander
95025,4025,Lori_Russo
95026,4026,Eric_Pollard
95027,4027,Dominique_Barnett
95028,4028,Samantha_Peters
95029,4029,April_Robinson
95030,4030,Elizabeth_Petersen
95031,4031,Gina_Chambers
95032,4032,Angelica_Pugh
95033,4033,Caitlyn_Dunlap
95034,4034,Jennifer_Stanley
95035,4035,Charles_Zavala
95036,4036,Maria_Wilkins
95037,4037,Albert_Page
95038,4038,Jack_Rodriguez
95039,4039,Stephanie_Malone
95040,4040,Pamela_Brewer
95041,4041,Mary_Hodge
95042,4042,Trevor_Myers
95043,4043,Erin_Edwards
95044,4044,Erik_Chandler
95045,4045,Amanda_Vaughan
95046,4046,Erik_Kelley
95047,4047,Mary_King
95048,4048,Julian_Myers
95049,4049,Vanessa_Villarreal
95050,4050,Elizabeth_Gonzalez
95051,4051,Daniel_Morris
95052,4052,Elizabeth_Foster
95053,4053,Elizabeth_Rush
95054,4054,Carolyn_Benson
95055,4055,Christopher_Sparks
95056,4056,Michael_Kelly
95057,4057,Gregory_Johnson
95058,4058,Jeffrey_Ashley
95059,4059,Courtney_Ingram
95060,4060,Meghan_Jones
95061,4061,Dennis_Mcdowell
95062,4062,Kevin_Kennedy
95063,4063,Robert_Tyler
95064,4064,Nathan_Jones
95065,4065,Kaitlyn_Tucker
95066,4066,Joe_Sanchez
95067,4067,Denise_Moore
95068,4068,Nichole_Rivera
95069,4069,Lisa_Vasquez
95070,4070,Tammy_Barber
95071,4071,Sandra_Bennett
95072,4072,Charlotte_Yates
95073,4073,Melanie_Francis
95074,4074,Juan_Villa
95075,4075,Amy_Yang
95076,4076,Darlene_Alexander
95077,4077,Jennifer_Orr
95078,4078,Kristina_Murray
95079,4079,Jeffrey_Dalton
95080,4080,Lawrence_Jones
95081,4081,Carlos_English
95082,4082,Sarah_Harris
95083,4083,Christopher_Elliott
95084,4084,Lauren_Gregory
95085,4085,Alyssa_Merritt
95086,4086,John_Griffin
95087,4087,Rebecca_White
95088,4088,Laura_Daugherty
95089,4089,Jason_Baker
95090,4090,Rose_Clark
95091,4091,Tina_Porter
95092,4092,Carrie_Roman
95093,4093,Gregg_Wilson
95094,4094,Jeffrey_Collins
95095,4095,Emily_King
95096,4096,Paul_Wells
95097,4097,Sarah_Goodwin
95098,4098,Antonio_Spencer
95099,4099,Andrew_Allison
95100,4100,Eric_Stephens
95101,4101,Jennifer_Rogers
95102,4102,Lisa_Kelly
95103,4103,Isaac_Tran
95104,4104,William_Perkins
95105,4105,Carol_Brock
95106,4106,Norma_Cobb
95107,4107,Joshua_Wagner
95108,4108,Brianna_Gonzales
95109,4109,Mia_Garcia
95110,4110,Jason_Howard
95111,4111,Aaron_Rosales
95112,4112,Ricardo_Elliott
95113,4113,Robert_Silva
95114,4114,Julie_Michael
95115,4115,Donald_Davis
95116,4116,Carly_Gonzalez
95117,4117,Alan_Mendoza
95118,4118,Aimee_Brooks
95119,4119,Robert_Larsen
95120,4120,Lisa_Snyder
95121,4121,Ronald_Stanley
95122,4122,Jessica_Cook
95123,4123,Katelyn_Anderson
95124,4124,Elizabeth_Newman
95125,4125,Beth_Krueger
95126,4126,Colleen_Reyes
95127,4127,Laura_Maxwell
95128,4128,John_Brown
95129,4129,Terry_Moon
95130,4130,Erin_Bird
95131,4131,Mary_King
95132,4132,Ann_Moore
95133,4133,Tami_West
95134,4134,Joseph_Hill
95135,4135,Justin_West
95136,4136,Kelly_Boyle
95137,4137,Scott_Maxwell
95138,4138,Abigail_Valentine
95139,4139,Chase_Sandoval
95140,4140,Theresa_Robinson
95141,4141,Alexis_Walker
95142,4142,Robert_Floyd
95143,4143,Daniel_Gallagher
95144,4144,Nicole_Gonzalez
95145,4145,Danielle_Dickerson
95146,4146,Samuel_Alexander
95147,4147,Tanya_Adams
95148,4148,Walter_Smith
95149,4149,David_Bowman
95150,4150,Nancy_Hatfield
95151,4151,Gregory_Patterson
95152,4152,Joseph_Williams
95153,4153,Rodney_Ross
95154,4154,Valerie_Jones
95155,4155,Miranda_Miles
95156,4156,Brenda_Jackson
95157,4157,Dana_Gray
95158,4158,Adam_Horton
95159,4159,Johnathan_Gardner
95160,4160,Samantha_Coleman
95161,4161,James_Cameron
95162,4162,Antonio_Nguyen
95163,4163,Stacey_Snyder
95164,4164,Curtis_Gomez
95165,4165,Stacey_Johnson
95166,4166,Katherine_Mills
95167,4167,Anthony_Gallegos
95168,4168,Bailey_Tyler
95169,4169,Terri_Garcia
95170,4170,Jill_Kim
95171,4171,Stephanie_Cantrell
95172,4172,Vincent_Cabrera
95173,4173,Arthur_Good
95174,4174,Cody_Williams
95175,4175,Jonathan_Carter
95176,4176,Aaron_Miller
95177,4177,Carolyn_Lara
95178,4178,James_Rivera
95179,4179,Yvonne_Jones
95180,4180,Robert_Webb
95181,4181,Regina_Montgomery
95182,4182,Mallory_Shelton
95183,4183,Scott_Munoz
95184,4184,Christopher_Greene
95185,4185,Sean_Murphy
95186,4186,Charles_Miller
95187,4187,Andrew_Smith
95188,4188,Jamie_Nicholson
95189,4189,Jillian_Moore
95190,4190,Debbie_Reed
95191,4191,Amy_Norman
95192,4192,Dawn_Walker
95193,4193,Paul_Brown
95194,4194,Marie_Gonzales
95195,4195,Anthony_Garcia
95196,4196,Deanna_Knox
95197,4197,Deborah_Rogers
95198,4198,Amber_Costa
95199,4199,Carlos_Campos
95200,4200,Anthony_Drake
